Company,Period,Revenue,Net Income,Liabilities,Assets,Equity,ROA (%),ROE (%),Debt to Equity
Volkswagen AG,3/31/2017,19695988685,1329397719,24520605687,58120450678,33599844991,2.287314883,3.956559082,0.729783298
Volkswagen AG,6/30/2017,7201825633,722080990.6,27556950386,53860356064,26303405678,1.340653949,2.745199612,1.047657126
Volkswagen AG,9/30/2017,15706422457,2263166301,11556351337,26096752248,14540400911,8.672214379,15.56467607,0.794775289
Volkswagen AG,12/31/2017,9750496618,516889818.4,21354201295,54861302788,33507101493,0.942175618,1.542627668,0.637303746
Volkswagen AG,3/31/2018,15989256775,1291419013,42659096630,53863933584,11204836955,2.397557934,11.52554935,3.807203693
Volkswagen AG,6/30/2018,6601886883,674015397.4,48397997453,95156833814,46758836361,0.708320538,1.441471709,1.035055643
Volkswagen AG,9/30/2018,11494666314,1658196131,14924498356,62462464157,47537965801,2.654708156,3.488151213,0.313949032
Volkswagen AG,12/31/2018,15132692627,1296423798,22603216585,52612061095,30008844510,2.464119008,4.32013901,0.753218491
Volkswagen AG,3/31/2019,14907937768,1438598483,20854112480,54405171112,33551058632,2.644231152,4.287788646,0.621563472
Volkswagen AG,6/30/2019,8797334817,1311084923,25365853191,40151924792,14786071601,3.265310268,8.867026743,1.715523492
Volkswagen AG,9/30/2019,10142417014,1306294910,21657205056,33344564963,11687359907,3.917564711,11.17698882,1.853045104
Volkswagen AG,12/31/2019,15448794996,1760261975,43856467673,93429721556,49573253883,1.884049257,3.550830008,0.884680029
Volkswagen AG,3/31/2020,15933280023,1743770422,44490184859,59864740520,15374555661,2.912850548,11.34192402,2.89375419
Volkswagen AG,6/30/2020,7895384436,511149178.9,17592686846,61107816340,43515129494,0.836471027,1.174647036,0.404288969
Volkswagen AG,9/30/2020,12436929028,1654939942,49496396884,90362459109,40866062225,1.831446331,4.049668237,1.211185864
Volkswagen AG,12/31/2020,6074909806,875656602.5,42262965768,80569106208,38306140440,1.086839167,2.285943174,1.103294806
Volkswagen AG,3/31/2021,19710269369,1137314233,36066540496,64427162211,28360621715,1.765271344,4.010187943,1.271711913
Volkswagen AG,6/30/2021,12858026662,1124878943,17059669622,65938237159,48878567538,1.705958471,2.301374609,0.349021473
Volkswagen AG,9/30/2021,10294096366,1404729444,27027656894,48359524775,21331867881,2.904762713,6.58512162,1.267008452
Volkswagen AG,12/31/2021,11544833810,1709962819,14660160673,40260511363,25600350690,4.247245654,6.679450762,0.572654682
Volkswagen AG,3/31/2022,17383281301,2467286454,26847350661,44033610784,17186260123,5.603189041,14.35615681,1.562140365
Volkswagen AG,6/30/2022,12314464977,1478784803,25112871815,44050938495,18938066680,3.356988191,7.808530977,1.326052561
Volkswagen AG,9/30/2022,10260879440,889227522,10690275300,28159139854,17468864554,3.157864646,5.090356727,0.611961657
Volkswagen AG,12/31/2022,11168902003,587168043.4,20072750684,67464272122,47391521437,0.870339255,1.238972765,0.423551515
Volkswagen AG,3/31/2023,13460197722,1122578628,37590881745,71858135493,34267253748,1.562215079,3.275951543,1.096991373
Volkswagen AG,6/30/2023,12729418594,1662688493,39022576433,81451183390,42428606957,2.041331291,3.918791148,0.919723254
Volkswagen AG,9/30/2023,11664866018,1677667162,15998323030,33372541902,17374218871,5.027088338,9.65607245,0.92080819
Volkswagen AG,12/31/2023,16782030250,1481049554,32384571623,78417189252,46032617629,1.888679725,3.217391559,0.70351358
Volkswagen AG,3/31/2024,7309084994,1039334580,30910642675,64531416585,33620773909,1.61058696,3.091346389,0.91939117
Volkswagen AG,6/30/2024,13076152982,1526410746,24545656357,68124372355,43578715998,2.240623573,3.502651951,0.563248728
Volkswagen AG,9/30/2024,9752432683,970590418.5,31255665329,70790020629,39534355300,1.371083678,2.455055637,0.790595043
Volkswagen AG,12/31/2024,14186610709,2107123762,14632441063,32642980976,18010539913,6.455059247,11.69939253,0.812437669
Siemens AG,3/31/2017,19833452617,1519697640,16063730954,53272532961,37208802008,2.852685156,4.084242325,0.431718574
Siemens AG,6/30/2017,9065572324,736570414.4,47957169639,95650487131,47693317491,0.770064468,1.544389137,1.005532267
Siemens AG,9/30/2017,5703877749,588622371.4,24982736979,39727077870,14744340891,1.481665411,3.992191823,1.694394966
Siemens AG,12/31/2017,19716237464,1276840007,45009303223,75268101508,30258798286,1.696389282,4.219731382,1.487478214
Siemens AG,3/31/2018,10138254767,1262116952,45296373926,72972094010,27675720085,1.729588508,4.5603762,1.63668276
Siemens AG,6/30/2018,11314535587,1340341283,33163887180,56794362553,23630475373,2.359990011,5.672087683,1.403437157
Siemens AG,9/30/2018,12634974138,741274735,28126694879,40432233302,12305538423,1.833375687,6.023911425,2.285693962
Siemens AG,12/31/2018,9738110535,1128540207,47796930083,86681431720,38884501637,1.301939971,2.902287954,1.229202589
Siemens AG,3/31/2019,11643264079,1453293868,35825693285,75665486452,39839793167,1.920682647,3.647844912,0.899243958
Siemens AG,6/30/2019,6550073893,733627118.4,19919552350,37424903073,17505350723,1.960264578,4.190873579,1.137912211
Siemens AG,9/30/2019,16654538457,1322270205,29781715108,63506323345,33724608237,2.082107947,3.920787444,0.883085577
Siemens AG,12/31/2019,12841952642,1411970100,29126693633,55130546327,26003852694,2.561139322,5.429849634,1.120091472
Siemens AG,3/31/2020,15947068708,835207323,19623471264,54178518349,34555047086,1.541583913,2.41703425,0.567890161
Siemens AG,6/30/2020,7571178877,527700192,14328955584,29444881442,15115925857,1.792162733,3.491021304,0.947937673
Siemens AG,9/30/2020,11686522494,980715243.5,33647832225,72644583109,38996750884,1.350018407,2.514863985,0.862836812
Siemens AG,12/31/2020,17731550761,1893885668,10137976567,39067986912,28930010345,4.847666382,6.546439648,0.350431142
Siemens AG,3/31/2021,18942636889,1771268697,15918566390,49830943520,33912377129,3.554555808,5.223074426,0.469402848
Siemens AG,6/30/2021,6387462404,911547751.1,43580496165,59758020643,16177524478,1.525398166,5.634655366,2.69389153
Siemens AG,9/30/2021,19026792698,2073416725,23713313938,47556455590,23843141652,4.359905925,8.696071832,0.994554924
Siemens AG,12/31/2021,15389996263,923394181.6,21808491986,40095375980,18286883994,2.302994196,5.049488923,1.192575618
Siemens AG,3/31/2022,7786480387,484400549.7,33021752886,60040484961,27018732075,0.806789869,1.792832278,1.22217996
Siemens AG,6/30/2022,17737880122,2592267899,23358323946,38107807520,14749483574,6.802458781,17.57531297,1.58367063
Siemens AG,9/30/2022,12664949131,649372783.1,35555990358,69522102895,33966112537,0.934052274,1.911825448,1.046807765
Siemens AG,12/31/2022,16861000234,918419211.5,32873432607,81487723152,48614290545,1.127064515,1.889195957,0.676209243
Siemens AG,3/31/2023,13888922534,1095226689,47947497289,70943083888,22995586599,1.543810374,4.762769081,2.085073894
Siemens AG,6/30/2023,14327627383,1625286889,41679203694,52235242339,10556038645,3.111475732,15.39675009,3.948375437
Siemens AG,9/30/2023,10185412162,754846740.3,24373958388,59331553465,34957595076,1.272251772,2.159321139,0.69724357
Siemens AG,12/31/2023,8282175431,459390813.5,28551545477,64407150986,35855605509,0.713260572,1.281224531,0.796292381
Siemens AG,3/31/2024,15785741204,1106822544,13225063565,51661794785,38436731220,2.142439202,2.87959592,0.344073576
Siemens AG,6/30/2024,9018099865,963180373.7,36993263217,49531602468,12538339252,1.944577453,7.681881582,2.950411731
Siemens AG,9/30/2024,11691964631,1345578064,24477801438,72482874961,48005073523,1.856408241,2.802991363,0.509900301
Siemens AG,12/31/2024,8451674463,530013312.6,43381572844,83248031989,39866459145,0.636667678,1.329471751,1.088172207
Allianz SE,3/31/2017,9164246774,981041952.6,19407851173,43999960378,24592109205,2.229642809,3.989255027,0.789190183
Allianz SE,6/30/2017,14340884258,1865680236,22448503705,35401436947,12952933241,5.270069233,14.40353472,1.733082637
Allianz SE,9/30/2017,7168009253,373428560.2,15187122059,38651159578,23464037519,0.966150988,1.591493194,0.647251013
Allianz SE,12/31/2017,19458831198,1600107100,48538978480,69583711255,21044732775,2.299542624,7.603361452,2.306466848
Allianz SE,3/31/2018,17610247426,2015329868,40259793264,68504291957,28244498693,2.94190307,7.135300541,1.425403003
Allianz SE,6/30/2018,11661846976,1354192659,23626577882,54731462963,31104885082,2.47424897,4.353633376,0.759577726
Allianz SE,9/30/2018,10545031789,1010594241,33534009371,63852779536,30318770165,1.582694204,3.333229664,1.106047811
Allianz SE,12/31/2018,11358222175,1091045445,25112465464,47584136480,22471671016,2.29287642,4.855203888,1.117516603
Allianz SE,3/31/2019,11744716344,1284599881,31388781794,60735397643,29346615849,2.115076103,4.377335663,1.069587783
Allianz SE,6/30/2019,9612688482,1071424359,26052899280,55802879567,29749980287,1.920016257,3.601428805,0.875728287
Allianz SE,9/30/2019,13700664809,892851810.7,14820437742,51140549989,36320112247,1.74587839,2.458284833,0.408050439
Allianz SE,12/31/2019,15508664175,1417702229,18132341778,46620472331,28488130553,3.040943514,4.976466345,0.636487598
Allianz SE,3/31/2020,9263668849,635671166.8,12187372783,46576570031,34389197248,1.364787416,1.848461778,0.354395385
Allianz SE,6/30/2020,13787621203,1605393739,33743352626,56826390011,23083037385,2.825084858,6.95486349,1.461824632
Allianz SE,9/30/2020,18005946710,2292027552,30114206666,72398006770,42283800104,3.16587107,5.420580804,0.712192532
Allianz SE,12/31/2020,10098889889,1161225924,39497490703,77791788915,38294298213,1.492735853,3.032372908,1.031419625
Allianz SE,3/31/2021,8226780982,522858114.5,39148815906,54906293986,15757478080,0.952273549,3.318158603,2.484459487
Allianz SE,6/30/2021,17019949886,2402780363,10477167725,40916062724,30438894999,5.872462313,7.893783146,0.344203287
Allianz SE,9/30/2021,11073630310,912822455.7,49692687138,70778247625,21085560486,1.289693495,4.329135364,2.356716444
Allianz SE,12/31/2021,9380555380,1350100953,41223028779,68933524997,27710496218,1.95855493,4.872164475,1.487632284
Allianz SE,3/31/2022,16640634818,2400803163,16356578486,32583061956,16226483469,7.368255218,14.79558505,1.00801745
Allianz SE,6/30/2022,8089768870,488084935.3,45657380068,93604660446,47947280377,0.521432302,1.017961668,0.952241289
Allianz SE,9/30/2022,16931011156,2086994153,18754849198,52873275455,34118426257,3.947162597,6.116912125,0.549698543
Allianz SE,12/31/2022,16472180169,2043609431,34718393733,62464433746,27746040013,3.271636847,7.36540937,1.25129185
Allianz SE,3/31/2023,14581130415,1529637744,32236390204,47068791910,14832401705,3.249791809,10.31281228,2.173376291
Allianz SE,6/30/2023,5318114486,431100966,42312531626,58725506361,16412974734,0.734094932,2.626586423,2.577992857
Allianz SE,9/30/2023,19814938566,1836312727,18499451286,30329911272,11830459986,6.054461257,15.52190472,1.563713609
Allianz SE,12/31/2023,13941085692,1722322782,32850325731,66248470463,33398144732,2.599792523,5.156941487,0.983597322
Allianz SE,3/31/2024,18801502624,1006058196,48264388990,86904149774,38639760784,1.157664161,2.603686398,1.249086123
Allianz SE,6/30/2024,13059939771,864826440.5,21561018412,57150274352,35589255939,1.513249849,2.430021133,0.605829424
Allianz SE,9/30/2024,16908879786,1197174003,48008203569,67570965703,19562762134,1.77172842,6.11965731,2.454060589
Allianz SE,12/31/2024,7203400075,631684017.9,23852825717,41830939577,17978113860,1.510088046,3.513627863,1.3267702
BMW AG,3/31/2017,18765462866,1081539894,34543581067,80126669599,45583088532,1.349787655,2.372677959,0.75781572
BMW AG,6/30/2017,10211703797,526461438.3,13575717212,61177654063,47601936851,0.860545319,1.105966423,0.285192539
BMW AG,9/30/2017,14824260103,1856672009,49769403556,87097998229,37328594673,2.13170457,4.973859919,1.333278255
BMW AG,12/31/2017,18808147150,960184349.6,35382107627,67327482638,31945375011,1.42614028,3.005706927,1.107581539
BMW AG,3/31/2018,7335760537,743322627.7,48776154787,95122657900,46346503113,0.781435931,1.603837566,1.052423624
BMW AG,6/30/2018,17315578796,1167741135,16852576890,50991540077,34138963187,2.290068378,3.42055243,0.493646418
BMW AG,9/30/2018,5647276212,430192893.6,49486716701,66912699732,17425983031,0.642916659,2.468686517,2.839823533
BMW AG,12/31/2018,6557505339,618883604.9,33315961378,60538144207,27222182829,1.022303562,2.273453267,1.223853414
BMW AG,3/31/2019,15132523755,1022601951,38023980809,86825852703,48801871894,1.177762059,2.095415424,0.779150048
BMW AG,6/30/2019,13411319092,782523298.9,19531535755,37657712776,18126177021,2.077989451,4.317089577,1.077531999
BMW AG,9/30/2019,8103350227,738019784.6,20380748219,31832927467,11452179248,2.318416317,6.444361101,1.779639296
BMW AG,12/31/2019,8859340166,1144565565,40538252302,78168514026,37630261724,1.464228377,3.041609365,1.077277979
BMW AG,3/31/2020,12864732630,1045458883,40800355871,78928197945,38127842074,1.324569559,2.741982831,1.070093497
BMW AG,6/30/2020,19909637251,2732548048,15058770523,36892503606,21833733082,7.406783982,12.5152581,0.689702053
BMW AG,9/30/2020,9482010377,803442750.4,46174948427,92567055368,46392106941,0.867957555,1.731852256,0.995319063
BMW AG,12/31/2020,6940311223,962499322.1,29150494667,41331347093,12180852427,2.328739298,7.901740276,2.393140779
BMW AG,3/31/2021,8417325544,742678238,36333752143,50307101979,13973349836,1.47628905,5.314962029,2.600217741
BMW AG,6/30/2021,12011483364,1571388192,16704351188,36319540470,19615189283,4.326564081,8.011078402,0.851602855
BMW AG,9/30/2021,14132310152,1250503703,34109472155,60179867780,26070395624,2.077943587,4.796642602,1.308360358
BMW AG,12/31/2021,18321682480,1436804767,33230894855,73659285546,40428390691,1.950609154,3.55394994,0.821969272
BMW AG,3/31/2022,11652663475,1123917078,30713910663,55316480279,24602569617,2.031794272,4.568291423,1.248402551
BMW AG,6/30/2022,11584036388,1399147461,22546412228,53277235987,30730823758,2.626163755,4.55291232,0.73367419
BMW AG,9/30/2022,18782382394,1614997271,25317192992,38617124033,13299931041,4.18207547,12.14289959,1.903558215
BMW AG,12/31/2022,7382434260,1093800017,35338248318,45898916976,10560668658,2.383062802,10.35729888,3.346213148
BMW AG,3/31/2023,19456335114,2009563555,47081333393,64537094762,17455761369,3.113811618,11.51232256,2.697180169
BMW AG,6/30/2023,14368618381,1533626886,42361743521,64353154119,21991410599,2.383141754,6.973754044,1.926285871
BMW AG,9/30/2023,12729885504,1804875257,10865997336,56007965536,45141968200,3.222533152,3.998220124,0.240707213
BMW AG,12/31/2023,8469619625,602960048.5,32716601950,78863289364,46146687414,0.764563656,1.306616103,0.708969674
BMW AG,3/31/2024,15848632086,2129654605,38842203399,87315704066,48473500667,2.439028154,4.393440901,0.80130799
BMW AG,6/30/2024,17928146832,2182113657,12109060417,56333682316,44224621899,3.873550543,4.934160121,0.273808116
BMW AG,9/30/2024,17989542164,2639441820,33643521649,69399402463,35755880815,3.803263035,7.381839743,0.940922748
BMW AG,12/31/2024,6152045684,707968936.5,29243056689,57427208762,28184152074,1.232810982,2.511939811,1.037570923
BASF SE,3/31/2017,16836243798,2100216671,19360624506,64506392372,45145767866,3.255827204,4.652078745,0.428846942
BASF SE,6/30/2017,16139422505,1276985447,16542748372,53339154988,36796406616,2.394086384,3.470408021,0.449575105
BASF SE,9/30/2017,9548006554,1237046329,27483087953,52090363015,24607275062,2.374808425,5.027156913,1.116868401
BASF SE,12/31/2017,16895580815,1797081911,28309420014,68036567115,39727147101,2.641347127,4.523561449,0.71259635
BASF SE,3/31/2018,16240083291,1330285061,20620789244,35863861269,15243072025,3.709263346,8.72714541,1.352797468
BASF SE,6/30/2018,11432373323,902833070.5,15796422658,55141147698,39344725041,1.637312802,2.294673732,0.401487687
BASF SE,9/30/2018,19846387618,2884007106,11017913220,31498369926,20480456706,9.156051924,14.08175192,0.537972047
BASF SE,12/31/2018,10270182691,708863277.1,42708053991,57050114588,14342060597,1.24252735,4.942548334,2.977818543
BASF SE,3/31/2019,13827496449,1133835190,46117811894,82240340578,36122528684,1.378684939,3.138858853,1.27670497
BASF SE,6/30/2019,11534207296,1513985001,19270767207,53405386175,34134618968,2.834891963,4.435335874,0.564551994
BASF SE,9/30/2019,7430177132,551583106,33765326378,50383426520,16618100141,1.094770928,3.319170671,2.031840348
BASF SE,12/31/2019,17877114298,1224635136,31860731568,65500282723,33639551155,1.869663892,3.640462175,0.947121185
BASF SE,3/31/2020,9927936838,1197785480,37635556954,86394249061,48758692107,1.38641807,2.456557854,0.7718738
BASF SE,6/30/2020,11914158554,1054111676,43298236595,83113769380,39815532785,1.268275622,2.647488561,1.087470983
BASF SE,9/30/2020,18130200876,2418330284,49603599758,91937242355,42333642596,2.630414207,5.712549489,1.171730017
BASF SE,12/31/2020,11583572658,1407524593,37122614462,82673694404,45551079942,1.702505982,3.089991707,0.814966725
BASF SE,3/31/2021,6644620233,990744714.5,21424039042,52878014917,31453975875,1.873642035,3.14982347,0.681123402
BASF SE,6/30/2021,18768998808,1373518726,31667361119,58519002305,26851641187,2.347132848,5.115213316,1.17934546
BASF SE,9/30/2021,10808670566,658653438.1,37937729306,85517814001,47580084695,0.770194428,1.384304888,0.79734472
BASF SE,12/31/2021,18793891125,2702710428,12423193661,54396450621,41973256961,4.968541876,6.439124871,0.295978787
BASF SE,3/31/2022,7020216669,504888024.6,19566830326,62928514411,43361684085,0.802319949,1.164364427,0.451247011
BASF SE,6/30/2022,11227593925,1221025867,27001572213,45570891422,18569319208,2.679398689,6.575501522,1.454095969
BASF SE,9/30/2022,8861717408,569761713.3,46662383110,69619249891,22956866781,0.8183968,2.481879251,2.032611138
BASF SE,12/31/2022,13018762765,1704211990,11167034881,30031637051,18864602170,5.67472225,9.033914282,0.591957083
BASF SE,3/31/2023,9496852852,691692392.2,36704020555,77712763784,41008743229,0.890062788,1.686694928,0.895029149
BASF SE,6/30/2023,14800185962,1295428284,11911955269,57692706612,45780751343,2.245393499,2.829635264,0.260195714
BASF SE,9/30/2023,8416753062,980336277,46036015495,95477772055,49441756560,1.026769117,1.982810372,0.931116099
BASF SE,12/31/2023,12852011317,684110085.9,18179739764,53040583203,34860843439,1.289786131,1.962402565,0.521494547
BASF SE,3/31/2024,19756965859,1431835601,10848294146,60234434421,49386140275,2.377104749,2.899266055,0.219662725
BASF SE,6/30/2024,11122911230,1144594204,29846781652,60313552592,30466770941,1.897739653,3.756860897,0.979650312
BASF SE,9/30/2024,16485330446,1727330520,41199120058,58775396940,17576276882,2.938866617,9.827624651,2.344018607
BASF SE,12/31/2024,15113132584,1914494156,43259483243,88221659272,44962176029,2.170095385,4.258010455,0.962130552
Deutsche Telekom AG,3/31/2017,13951553720,1348710564,21828517855,62780698314,40952180459,2.148288567,3.293379129,0.533024557
Deutsche Telekom AG,6/30/2017,15409119271,924345905.8,44651352138,77649206644,32997854506,1.190412556,2.801230321,1.353159252
Deutsche Telekom AG,9/30/2017,14110556301,1163491999,16591763093,32355610354,15763847262,3.595951325,7.380761688,1.052519909
Deutsche Telekom AG,12/31/2017,11505351408,1425682028,36680109736,61941763399,25261653663,2.301649081,5.643660732,1.452007467
Deutsche Telekom AG,3/31/2018,17427808963,1967928248,36127253691,72733202053,36605948363,2.705680752,5.375979415,0.986923036
Deutsche Telekom AG,6/30/2018,10561657912,1025524147,18824834094,53785357297,34960523204,1.906697655,2.933377572,0.538459736
Deutsche Telekom AG,9/30/2018,10796012246,986280250.6,18030445293,66154405096,48123959803,1.490876154,2.049457806,0.374666702
Deutsche Telekom AG,12/31/2018,15273880507,1698666925,35514608139,56589637247,21075029108,3.001727892,8.060092903,1.685151084
Deutsche Telekom AG,3/31/2019,17933328881,1112803764,47538352610,96220600130,48682247520,1.156513016,2.285851252,0.976502833
Deutsche Telekom AG,6/30/2019,9246129285,1035650167,29184989731,52641709425,23456719694,1.967356642,4.415153442,1.24420593
Deutsche Telekom AG,9/30/2019,11461718687,1380378045,27344331892,73302995160,45958663267,1.883112746,3.003520875,0.594976658
Deutsche Telekom AG,12/31/2019,15796654133,805016265.8,11494162751,47776069193,36281906442,1.684978022,2.218781604,0.31680151
Deutsche Telekom AG,3/31/2020,17673360637,1501884164,32122639453,73938353262,41815713810,2.031265369,3.591674104,0.768195411
Deutsche Telekom AG,6/30/2020,16609605942,2209253956,40969123319,78858492215,37889368896,2.801542223,5.830801675,1.081282811
Deutsche Telekom AG,9/30/2020,15589999588,1310559971,40139408421,54633825763,14494417343,2.39880688,9.041825831,2.769301274
Deutsche Telekom AG,12/31/2020,19614896783,1231038198,45625478678,94598230353,48972751675,1.301333221,2.513720704,0.931650298
Deutsche Telekom AG,3/31/2021,6356573780,831921707.3,22622163266,70081083207,47458919941,1.187084544,1.752930131,0.476668312
Deutsche Telekom AG,6/30/2021,5509568002,378951538.1,36585800973,54397521144,17811720171,0.696633836,2.127540375,2.054029629
Deutsche Telekom AG,9/30/2021,14468035363,1480956904,34748500389,83063430789,48314930400,1.78292287,3.065215849,0.71920833
Deutsche Telekom AG,12/31/2021,18588737724,2116759905,15557689149,64787149652,49229460503,3.267252713,4.29978286,0.316023962
Deutsche Telekom AG,3/31/2022,6523953565,440649540.1,18792941935,60677034815,41884092879,0.726221282,1.052068959,0.448689243
Deutsche Telekom AG,6/30/2022,8444063288,1187007039,47810647914,69756044623,21945396709,1.701654739,5.408911286,2.17861853
Deutsche Telekom AG,9/30/2022,14873007184,1613587509,33957807568,82298368793,48340561225,1.960655518,3.337957748,0.70247028
Deutsche Telekom AG,12/31/2022,9420241101,990420474.4,12931047199,34081834188,21150786988,2.906006963,4.682664881,0.611374282
Deutsche Telekom AG,3/31/2023,10942719196,1439735669,35021279445,51489159430,16467879985,2.79619183,8.742689833,2.126641649
Deutsche Telekom AG,6/30/2023,10399408221,561732001.5,38426371195,68448568389,30022197194,0.820662893,1.871055599,1.27993201
Deutsche Telekom AG,9/30/2023,5149849693,750613275.1,17312068995,55772071679,38460002684,1.345858693,1.951672446,0.450131768
Deutsche Telekom AG,12/31/2023,12752580163,884167446.6,28470052842,53978751141,25508698298,1.637991669,3.466140986,1.116091951
Deutsche Telekom AG,3/31/2024,16377852382,1007117429,43228375752,78855235024,35626859272,1.277172567,2.826848759,1.213364766
Deutsche Telekom AG,6/30/2024,15923641671,1238976660,29108930053,40292182768,11183252715,3.074980245,11.07885775,2.602903716
Deutsche Telekom AG,9/30/2024,6531276814,872767531.7,15526905086,49404344791,33877439705,1.766580521,2.576249974,0.458325813
Deutsche Telekom AG,12/31/2024,19139621006,2834016899,18313729720,41643539977,23329810257,6.805417841,12.14762087,0.784992656
Daimler AG,3/31/2017,7142318181,980884827.4,33400146455,69867319792,36467173338,1.403925083,2.689774769,0.915896227
Daimler AG,6/30/2017,10611576433,1197653535,31728621908,65800353827,34071731919,1.820132363,3.515094384,0.931230088
Daimler AG,9/30/2017,7323507123,793777927.1,27624534772,70422660411,42798125639,1.127162653,1.854702549,0.645461322
Daimler AG,12/31/2017,17133317238,1743084807,19707492188,56381587968,36674095780,3.09158516,4.752904659,0.537368182
Daimler AG,3/31/2018,8641226117,983139976.9,36665610699,59016046453,22350435755,1.665885867,4.398750824,1.64048751
Daimler AG,6/30/2018,18960217812,2711256442,20217118393,63441922522,43224804128,4.273603847,6.272455125,0.467720301
Daimler AG,9/30/2018,5152922484,599573691.4,24935989828,36383148668,11447158840,1.647943384,5.237751129,2.178356235
Daimler AG,12/31/2018,14737735881,1726421482,41539802392,60496305967,18956503575,2.853763473,9.107278014,2.191321951
Daimler AG,3/31/2019,11018589464,1097018126,21597719176,57241727973,35644008796,1.916465776,3.077706922,0.605928455
Daimler AG,6/30/2019,12504841895,639354361.8,41871491156,82039997300,40168506143,0.779320311,1.591680705,1.042396026
Daimler AG,9/30/2019,9545803943,1253796606,34864875291,53486270610,18621395319,2.344146622,6.733096979,1.872301978
Daimler AG,12/31/2019,10937481164,1145842379,19578678306,31178454239,11599775933,3.675109647,9.878142355,1.687849698
Daimler AG,3/31/2020,17781237366,1179606125,18447303156,42728183777,24280880621,2.760721427,4.858168628,0.759746051
Daimler AG,6/30/2020,14075946856,1786382228,42169052107,79023797685,36854745578,2.260562362,4.847088752,1.14419599
Daimler AG,9/30/2020,17815073829,1375991001,34457237297,48064706274,13607468976,2.862788745,10.11202747,2.532229716
Daimler AG,12/31/2020,8582626126,482111535,40109942612,86478204177,46368261566,0.55749485,1.039744685,0.865030115
Daimler AG,3/31/2021,17838709007,1559286116,42906482998,53748741344,10842258346,2.901065359,14.38156209,3.957338188
Daimler AG,6/30/2021,15648054896,1066739844,40442076671,75441053988,34998977318,1.414004428,3.047917184,1.155521669
Daimler AG,9/30/2021,15893645982,2170220695,43221215972,62906987078,19685771106,3.449888154,11.02431133,2.195556158
Daimler AG,12/31/2021,19604996789,2406144332,39627936994,77954949919,38327012925,3.086583128,6.277933363,1.033942746
Daimler AG,3/31/2022,13358841713,1013271417,43437924866,86840936189,43403011323,1.166813097,2.334564784,1.000804404
Daimler AG,6/30/2022,16579977460,877145067,30509379123,76296463396,45787084273,1.149653638,1.915704136,0.666331556
Daimler AG,9/30/2022,18430272465,1278461027,44184049308,54843099546,10659050238,2.331124677,11.99413642,4.145214472
Daimler AG,12/31/2022,9363037363,704852259.1,34778269496,54701473950,19923204453,1.288543449,3.537845836,1.745616253
Daimler AG,3/31/2023,13197347212,691428622,43343894473,57721074868,14377180395,1.197878979,4.809208781,3.014770162
Daimler AG,6/30/2023,6677625789,440969634.7,45505367856,68668748604,23163380748,0.642169318,1.903736072,1.96453913
Daimler AG,9/30/2023,13104191262,1856279741,29165603027,45413408789,16247805762,4.087514659,11.42480264,1.795048726
Daimler AG,12/31/2023,5161220914,527374446.2,15838145692,51630867307,35792721615,1.021432476,1.473412533,0.442496267
Daimler AG,3/31/2024,17637310202,1618745275,24936555962,37936073156,12999517193,4.267034357,12.4523492,1.918267855
Daimler AG,6/30/2024,9897018704,888471372.7,33856303197,55117754937,21261451739,1.61195131,4.178789781,1.592379656
Daimler AG,9/30/2024,14640665936,2101927829,10787737144,51913035226,41125298082,4.048940347,5.111033662,0.262313896
Daimler AG,12/31/2024,16456922307,1492220093,48085311015,79618978403,31533667388,1.874201507,4.732148895,1.524888001
SAP SE,3/31/2017,6568715630,719090971.2,18570025227,65782612977,47212587750,1.093132271,1.523091628,0.393327841
SAP SE,6/30/2017,6644029236,744873003.7,11294935497,23437806831,12142871334,3.17808321,6.134241097,0.930170072
SAP SE,9/30/2017,18227487487,1997618536,40486058249,55383211771,14897153522,3.606902655,13.40939753,2.717704304
SAP SE,12/31/2017,17560385805,2276360916,40828269592,73785136305,32956866713,3.085121245,6.907091429,1.23883954
SAP SE,3/31/2018,19774628627,1421900578,42095348780,63447988091,21352639311,2.24104912,6.659132662,1.971435389
SAP SE,6/30/2018,5282345417,541864195.9,34968772981,55603015081,20634242100,0.974523045,2.626043609,1.694696263
SAP SE,9/30/2018,8133295785,750601103.2,12010781130,31029999758,19019218627,2.418952978,3.94654017,0.631507601
SAP SE,12/31/2018,10184334320,1365996842,44932510908,90595603440,45663092533,1.507795953,2.99146809,0.98400061
SAP SE,3/31/2019,18300753695,989934361.3,24181084351,42408075770,18226991420,2.334306245,5.431145154,1.326663507
SAP SE,6/30/2019,13878289168,932271478.5,29658734145,62964273740,33305539595,1.480635642,2.799148399,0.890504538
SAP SE,9/30/2019,13973147193,1079900966,48121419304,75654119930,27532700626,1.427418583,3.922248606,1.74779147
SAP SE,12/31/2019,8046709255,662165230.7,39424977655,89177961232,49752983577,0.742521158,1.330905572,0.79241434
SAP SE,3/31/2020,9236017256,529982877.3,48081211472,96574017987,48492806515,0.548784123,1.0929103,0.991512245
SAP SE,6/30/2020,6413035553,941195826.2,19793091472,35210598357,15417506885,2.673046952,6.104721296,1.283806235
SAP SE,9/30/2020,15986728775,2071404633,24329632573,49270478198,24940845625,4.204149643,8.305270255,0.975493491
SAP SE,12/31/2020,9687560178,1027662516,40817136100,65594337613,24777201513,1.566693946,4.147613343,1.647366676
SAP SE,3/31/2021,6588278496,731216298.1,11461577968,53638409260,42176831292,1.363232632,1.733691877,0.271750571
SAP SE,6/30/2021,11199189899,719949867.5,45007114334,92397807990,47390693656,0.779185008,1.519179847,0.949703641
SAP SE,9/30/2021,9000667547,1079598533,20844606335,48683375624,27838769289,2.217591773,3.878039728,0.748761776
SAP SE,12/31/2021,12465229611,800983300.4,28257880783,51866957482,23609076699,1.544303617,3.392692186,1.196907492
SAP SE,3/31/2022,14896500404,1471513321,30918779103,51643572423,20724793320,2.849363924,7.100255712,1.491873942
SAP SE,6/30/2022,14799049316,1792143630,35425741218,52933352519,17507611301,3.385660542,10.23636862,2.023448008
SAP SE,9/30/2022,18713092617,1701020228,36355439326,47077977464,10722538138,3.613197338,15.86396995,3.390562837
SAP SE,12/31/2022,16805465254,1837934274,10102113588,37939001132,27836887544,4.844445609,6.602513558,0.362903847
SAP SE,3/31/2023,14505450248,863046066.9,22921333603,46384701674,23463368071,1.860626534,3.678270163,0.976898693
SAP SE,6/30/2023,10806122549,698788622.5,46400326109,56419077430,10018751320,1.238567971,6.97480754,4.631348222
SAP SE,9/30/2023,17167661800,1338393789,26063953489,52362126677,26298173188,2.556034053,5.089303273,0.991093689
SAP SE,12/31/2023,13414872686,1069408471,35679098743,80239095201,44559996459,1.332777331,2.399929435,0.800697971
SAP SE,3/31/2024,13351789947,761306516.2,45369290420,94052696634,48683406213,0.809446771,1.563790571,0.931925146
SAP SE,6/30/2024,8144018454,529257365.4,31360696540,57876694077,26515997537,0.914456801,1.995992663,1.182708533
SAP SE,9/30/2024,10824151396,830279996.2,42369695133,72342104340,29972409208,1.14771336,2.770147673,1.413623271
SAP SE,12/31/2024,16754700510,923006607.2,49206362475,96053458782,46847096308,0.96093011,1.970253612,1.05036099
Bayer AG,3/31/2017,13027840283,1127343336,48157761467,85094142147,36936380680,1.324818968,3.052121825,1.303802933
Bayer AG,6/30/2017,8439918128,854234127.5,26356391355,61242421820,34886030465,1.39484054,2.448642382,0.755499866
Bayer AG,9/30/2017,12670837136,1282915745,20339721000,55136777973,34797056973,2.326787657,3.686851292,0.584524174
Bayer AG,12/31/2017,18251254610,2670535587,16524775630,29169852309,12645076680,9.15512207,21.11917274,1.30681498
Bayer AG,3/31/2018,6560227745,884011217.4,46074070728,59231903754,13157833026,1.492457884,6.718516763,3.501645798
Bayer AG,6/30/2018,14443060707,1684483053,37340600075,64364816177,27024216101,2.617086715,6.233235581,1.38174591
Bayer AG,9/30/2018,8605806470,524552249.3,34919186753,46399878511,11480691758,1.130503497,4.568995147,3.041557729
Bayer AG,12/31/2018,18541451915,2242441772,28896911499,58238408654,29341497155,3.850451659,7.642560842,0.984847888
Bayer AG,3/31/2019,15790567330,951709509,15068249757,54818573513,39750323756,1.736107761,2.394218258,0.379072378
Bayer AG,6/30/2019,13365845309,1437180604,30394456127,61175428677,30780972550,2.349277536,4.669055214,0.987443008
Bayer AG,9/30/2019,11417678713,984493632.9,43202192055,87180029468,43977837414,1.129265084,2.238613108,0.982362813
Bayer AG,12/31/2019,17402979577,1387637302,31887265220,61548783018,29661517798,2.254532476,4.67824105,1.075038217
Bayer AG,3/31/2020,14107423353,1367599932,13615077246,27849556029,14234478784,4.910670497,9.607657241,0.956485829
Bayer AG,6/30/2020,12664152205,953498605.8,14551986231,38961279021,24409292791,2.447298009,3.906293451,0.596165827
Bayer AG,9/30/2020,7778215290,1028179890,32630440063,51398528756,18768088693,2.000407238,5.478340957,1.738612844
Bayer AG,12/31/2020,14954913916,1086100755,49223539015,87910824435,38687285420,1.235457365,2.807384243,1.272344091
Bayer AG,3/31/2021,15481381698,1813221637,20090535950,39516175321,19425639371,4.588555503,9.33416709,1.034227784
Bayer AG,6/30/2021,11712522838,1191464502,39707273398,77463236730,37755963332,1.538103173,3.155698855,1.051682169
Bayer AG,9/30/2021,13756386408,721617987.5,44559907041,88194004126,43634097086,0.818216606,1.653793789,1.02121758
Bayer AG,12/31/2021,13009192330,1451167596,31049801948,49482603845,18432801897,2.932682364,7.872745579,1.684486283
Bayer AG,3/31/2022,9090799678,904181650.9,49055627276,76658563614,27602936339,1.179492034,3.275671979,1.777188726
Bayer AG,6/30/2022,7918029220,810924591.5,42824962792,91140421051,48315458259,0.889752957,1.678395737,0.886361515
Bayer AG,9/30/2022,10642582906,1154447670,44364932131,75643621464,31278689333,1.526166579,3.690844131,1.418375676
Bayer AG,12/31/2022,19647577142,1826544478,10046371516,37513857859,27467486343,4.868985975,6.649842126,0.365755038
Bayer AG,3/31/2023,15711957620,2201969781,29454258021,71356904907,41902646886,3.085853826,5.254965841,0.702921181
Bayer AG,6/30/2023,10038837028,1319011419,42095419645,52756441711,10661022066,2.500190263,12.37227923,3.948535083
Bayer AG,9/30/2023,9457609977,1131311165,40856047831,77252438398,36396390567,1.464434247,3.108305926,1.122530207
Bayer AG,12/31/2023,15851738346,905684923,42371799830,52389418748,10017618918,1.728755433,9.040920106,4.22972766
Bayer AG,3/31/2024,10194351917,1512864021,26311852797,62689824382,36377971585,2.413252926,4.158736606,0.723290817
Bayer AG,6/30/2024,7369565272,1064148244,20591206981,42904241960,22313034979,2.480286785,4.7691775,0.922833088
Bayer AG,9/30/2024,9332023907,746667545.1,23673143006,42677324477,19004181470,1.749565031,3.928964508,1.245680749
Bayer AG,12/31/2024,5728072323,604515777.3,34398569588,80121015584,45722445996,0.754503388,1.322142252,0.752334413
Deutsche Bank AG,3/31/2017,14843015558,1680873545,14840428879,46770654578,31930225699,3.593863632,5.264208155,0.464776824
Deutsche Bank AG,6/30/2017,19544012256,2752792674,13706520368,55551723268,41845202900,4.955368641,6.578514343,0.327552967
Deutsche Bank AG,9/30/2017,19868905162,1429630591,12720436994,42183197053,29462760059,3.389099666,4.852330833,0.431746278
Deutsche Bank AG,12/31/2017,9318303083,958508333.7,11123712659,49692010679,38568298020,1.928898269,2.485223313,0.288415959
Deutsche Bank AG,3/31/2018,13740924616,1900766775,46035800087,57764409125,11728609038,3.290550018,16.20624209,3.925086081
Deutsche Bank AG,6/30/2018,7788761208,663079894,30096796442,49497014532,19400218090,1.339636138,3.417899175,1.55136382
Deutsche Bank AG,9/30/2018,17771922214,1082288023,48317236409,88972406897,40655170488,1.216431095,2.662116553,1.188464735
Deutsche Bank AG,12/31/2018,8808021584,1274941171,36770248755,55390246152,18619997397,2.301743104,6.847160844,1.97477196
Deutsche Bank AG,3/31/2019,11192425819,1563079220,10546244209,38688850201,28142605992,4.040128387,5.554138164,0.374742986
Deutsche Bank AG,6/30/2019,9538166828,766520233.9,38799826104,70810004871,32010178767,1.082502727,2.394614037,1.21210901
Deutsche Bank AG,9/30/2019,6824564419,375695945.9,12634199326,28137106192,15502906866,1.335233067,2.42339033,0.814956797
Deutsche Bank AG,12/31/2019,9814156310,576451352.5,25131659304,46301105258,21169445954,1.245005598,2.723034669,1.187166606
Deutsche Bank AG,3/31/2020,11812773682,980285159.4,44322011186,92083567435,47761556249,1.064560363,2.052456487,0.927985071
Deutsche Bank AG,6/30/2020,16087302422,1326310547,32589277601,54693171121,22103893521,2.425002097,6.000348063,1.474368195
Deutsche Bank AG,9/30/2020,11268644278,1309520126,44147215219,66843792777,22696577557,1.959075139,5.769681015,1.945104503
Deutsche Bank AG,12/31/2020,16454038855,1761523797,29090502114,64555499757,35464997643,2.728696708,4.966936173,0.820259525
Deutsche Bank AG,3/31/2021,8720665039,1028066418,14173153454,61397948008,47224794554,1.674431233,2.176963241,0.300121019
Deutsche Bank AG,6/30/2021,5220250485,460458002.1,44926554184,91889065168,46962510984,0.501102064,0.980479945,0.95664719
Deutsche Bank AG,9/30/2021,12533912164,782840180.3,42843256371,86694386780,43851130409,0.902988313,1.785222349,0.977016008
Deutsche Bank AG,12/31/2021,10414516344,1120888368,33962234582,80244374780,46282140198,1.396843544,2.421859412,0.733808645
Deutsche Bank AG,3/31/2022,15495522952,1232326295,38566723026,72355738353,33789015327,1.703149361,3.647121064,1.141398252
Deutsche Bank AG,6/30/2022,13527313706,1369609294,47047722396,76309903159,29262180763,1.794798889,4.680475816,1.607799596
Deutsche Bank AG,9/30/2022,11924228778,1074208571,47986876748,85149075647,37162198900,1.261562223,2.890594752,1.291281952
Deutsche Bank AG,12/31/2022,7252204354,949551701.2,44858188981,86269206025,41411017045,1.10068441,2.29299295,1.083242871
Deutsche Bank AG,3/31/2023,7317098693,887813882.3,23138553563,72645962598,49507409035,1.222110425,1.793294983,0.467375571
Deutsche Bank AG,6/30/2023,7129233268,804182359.4,37136074738,74971932150,37835857412,1.07264457,2.125450338,0.981504776
Deutsche Bank AG,9/30/2023,17914537947,1449472284,20633879462,43019367872,22385488410,3.369348169,6.475053201,0.92175248
Deutsche Bank AG,12/31/2023,12421650351,967097057.5,33786415736,79888234351,46101818615,1.210562563,2.097741665,0.73286514
Deutsche Bank AG,3/31/2024,19417487313,2333015849,28301209342,55585382174,27284172832,4.197175153,8.550802927,1.037275695
Deutsche Bank AG,6/30/2024,9306050327,729847876.9,23854663266,48476616703,24621953437,1.505566862,2.964215974,0.968837153
Deutsche Bank AG,9/30/2024,18549946525,2323022170,49199711543,64461554635,15261843092,3.603732773,15.22111161,3.223707074
Deutsche Bank AG,12/31/2024,19852203756,2223753463,36451064643,76222443508,39771378864,2.917452342,5.591341126,0.916514983
Porsche AG,3/31/2017,5883512064,440184439.5,47041623953,76926443805,29884819852,0.572214726,1.472936567,1.574097625
Porsche AG,6/30/2017,11523447744,1069672005,31531931981,51328720570,19796788588,2.083963896,5.403260231,1.592780154
Porsche AG,9/30/2017,9631040999,1113020766,22993549681,72046513305,49052963625,1.544864164,2.26901839,0.468749449
Porsche AG,12/31/2017,12119018742,894091080.3,28361763209,73909302825,45547539617,1.20971386,1.962984363,0.622684857
Porsche AG,3/31/2018,17555661518,1335299860,46994742351,88007178782,41012436432,1.517262431,3.255841341,1.145865655
Porsche AG,6/30/2018,9586227654,1382170553,40862854527,89907869527,49045015000,1.537318769,2.818167256,0.833170395
Porsche AG,9/30/2018,17963578177,2139702451,49106113898,95043652065,45937538167,2.251283915,4.657851806,1.068975741
Porsche AG,12/31/2018,7955302121,939711762.4,35954156213,65117507958,29163351745,1.443101543,3.222235121,1.232854047
Porsche AG,3/31/2019,12923331618,1676027156,26939537534,57056948432,30117410898,2.937463714,5.564977554,0.894483846
Porsche AG,6/30/2019,16367236342,1857704381,11368621660,21773242219,10404620558,8.532052149,17.85460959,1.09265125
Porsche AG,9/30/2019,10956259576,738896491.2,30918840712,77968242093,47049401381,0.947689048,1.570469484,0.657156942
Porsche AG,12/31/2019,15806884536,845076735.9,34376508276,55201546863,20825038587,1.530893216,4.05798401,1.650729632
Porsche AG,3/31/2020,10779438774,1358943185,33525281805,71745524050,38220242245,1.89411563,3.555558796,0.877160369
Porsche AG,6/30/2020,7764718758,920211365.8,34970670581,72558969348,37588298767,1.268225519,2.44813252,0.930360557
Porsche AG,9/30/2020,6912391322,945409918.5,38735572223,68605740345,29870168123,1.378033257,3.165063935,1.296797931
Porsche AG,12/31/2020,14994514428,1118453310,13089516203,26894911034,13805394830,4.158605723,8.101566983,0.948145009
Porsche AG,3/31/2021,7884337935,1152213820,19342832660,61176556532,41833723872,1.883423791,2.754270272,0.462374153
Porsche AG,6/30/2021,12452147525,908357933.3,42131566815,76799130880,34667564065,1.182771111,2.620195442,1.215302198
Porsche AG,9/30/2021,7245971264,1033867668,43655777728,59462856760,15807079033,1.7386781,6.540535831,2.761786516
Porsche AG,12/31/2021,14047287806,1489899027,14851641486,42561319258,27709677772,3.500594092,5.376818307,0.535973085
Porsche AG,3/31/2022,10774855240,975556879.2,15417730087,40879706571,25461976485,2.386408712,3.831426362,0.605519768
Porsche AG,6/30/2022,9602996001,1224040111,42066934650,86789124292,44722189642,1.410361172,2.736986092,0.940627795
Porsche AG,9/30/2022,8621455856,1229669587,32376788972,47679877246,15303088274,2.579011647,8.03543419,2.115702948
Porsche AG,12/31/2022,5536870879,298030924.1,19445445005,30265348449,10819903444,0.984726558,2.75446935,1.797192101
Porsche AG,3/31/2023,8880891013,668545569.7,40027402595,66992846031,26965443436,0.997935764,2.47926785,1.484396231
Porsche AG,6/30/2023,16477351074,1226392611,42857529033,61495517042,18637988008,1.994279698,6.580069753,2.299471864
Porsche AG,9/30/2023,12920254885,1147104411,35348848744,85266963912,49918115168,1.345309318,2.297972203,0.708136688
Porsche AG,12/31/2023,16438581863,1419961878,19415830018,36726316966,17310486949,3.86633345,8.202899676,1.121622406
Porsche AG,3/31/2024,12668426079,744579528.3,33183980227,53340703796,20156723569,1.395893708,3.693951181,1.646298324
Porsche AG,6/30/2024,16413767338,1074145603,25161220888,52217608876,27056387988,2.057056282,3.970025873,0.929954911
Porsche AG,9/30/2024,15911174550,1241693861,36125130235,84583217359,48458087124,1.468014459,2.562407917,0.745492288
Porsche AG,12/31/2024,13056746207,1500333956,33698449632,62560115073,28861665442,2.398227615,5.19836237,1.167585069
Merck KGaA,3/31/2017,6974057939,389688114,31405828053,49969368014,18563539961,0.779853997,2.099212299,1.691801678
Merck KGaA,6/30/2017,11003803134,1050945998,30579291828,50859030282,20279738454,2.066390162,5.182246312,1.507874073
Merck KGaA,9/30/2017,17552142118,1316005049,28846310799,40791728305,11945417506,3.226156634,11.0168192,2.414843247
Merck KGaA,12/31/2017,11760953647,812341476,29296072481,51828662312,22532589831,1.567359526,3.605184677,1.30016446
Merck KGaA,3/31/2018,9318197850,641817429.8,48172882387,65628926423,17456044036,0.977949,3.676763352,2.759667785
Merck KGaA,6/30/2018,7868422908,477697388.2,36789908510,81877040048,45087131537,0.583432655,1.059498291,0.815973588
Merck KGaA,9/30/2018,17415152986,1617758811,46995232198,95054854077,48059621879,1.701921302,3.366149685,0.977852725
Merck KGaA,12/31/2018,14241334382,1165009578,37401670447,71252783664,33851113217,1.635037283,3.441569472,1.104887458
Merck KGaA,3/31/2019,19217681417,2238884002,12733925598,36970270841,24236345242,6.055903707,9.237712947,0.525406181
Merck KGaA,6/30/2019,16209619277,1894725317,17305347324,45432894647,28127547323,4.170382124,6.73619102,0.615245514
Merck KGaA,9/30/2019,12097020632,1236164244,27900854055,42173393478,14272539423,2.931147205,8.661137359,1.954862637
Merck KGaA,12/31/2019,17666094987,1547381835,47717175754,76466035769,28748860015,2.023619793,5.382411109,1.659793666
Merck KGaA,3/31/2020,15236467952,894574066,36909348765,72030787429,35121438664,1.241932926,2.547088331,1.050906517
Merck KGaA,6/30/2020,17048403140,1779998241,31894204894,69469086501,37574881608,2.562288251,4.737202528,0.848817176
Merck KGaA,9/30/2020,8081970522,678443942.4,46360819152,75700966235,29340147083,0.896215697,2.31233995,1.580115431
Merck KGaA,12/31/2020,5897253747,625948791.2,38506883950,51548729961,13041846011,1.214285573,4.799541343,2.952563918
Merck KGaA,3/31/2021,14786170161,1680074258,26820455279,61714717112,34894261833,2.722323518,4.814757986,0.768620795
Merck KGaA,6/30/2021,14025754117,1636333354,16839994355,60072011589,43232017234,2.723952986,3.785003473,0.389525991
Merck KGaA,9/30/2021,14686380695,2175890454,36499903384,85610397087,49110493703,2.541619392,4.430601873,0.743220046
Merck KGaA,12/31/2021,12917187369,1708731611,17319486583,43037893850,25718407267,3.970295613,6.64400246,0.673427651
Merck KGaA,3/31/2022,7570645554,419794972.7,36325434183,64924945929,28599511746,0.646585017,1.467839648,1.27014176
Merck KGaA,6/30/2022,19175705351,1921123977,39424400695,70149764250,30725363554,2.738603611,6.252567113,1.28312235
Merck KGaA,9/30/2022,7888146905,698353200.2,33355799273,53175544683,19819745411,1.31329769,3.523522556,1.682958009
Merck KGaA,12/31/2022,7610452133,536310750.1,48688712492,88688270941,39999558449,0.604714405,1.340791676,1.217231249
Merck KGaA,3/31/2023,18085416710,2126765225,44629946816,61554558843,16924612027,3.455089704,12.56610918,2.636984927
Merck KGaA,6/30/2023,9146296754,868361702.9,43413456694,56455610934,13042154240,1.538131797,6.658115576,3.328702904
Merck KGaA,9/30/2023,9297896247,1145109250,49354599469,67631473649,18276874181,1.693160283,6.265345152,2.700385141
Merck KGaA,12/31/2023,17637490503,2103890014,44486109206,61628452463,17142343256,3.413829051,12.27305965,2.59510083
Merck KGaA,3/31/2024,18818295502,2691544192,27944602045,74405164472,46460562427,3.617415823,5.793180392,0.601469302
Merck KGaA,6/30/2024,16561793827,2435933937,19456844175,52664090849,33207246674,4.625417238,7.335549257,0.585921632
Merck KGaA,9/30/2024,15036344926,1704097607,30603212259,59444780752,28841568494,2.866690036,5.908477575,1.061080026
Merck KGaA,12/31/2024,18915504026,2413914962,30820597362,65357495789,34536898427,3.693401855,6.989379684,0.892396213
